Title,Awards,Nominations,Title_encoded
The Brutalist,1.8048861810936383,3.105036741590956,870
Emilia Pérez,1.8048861810936383,1.309370369319639,301
Wicked,1.8048861810936383,1.309370369319639,1230
Dune: Part Two,1.8048861810936383,1.309370369319639,289
Conclave,1.8048861810936383,-0.48629600295167785,229
The Substance,1.8048861810936383,-0.48629600295167785,1088
I'm Still Here,1.8048861810936383,-0.48629600295167785,425
Flow,1.8048861810936383,-0.48629600295167785,332
A Real Pain,1.8048861810936383,-0.48629600295167785,34
No Other Land,1.8048861810936383,-0.48629600295167785,620
I'm Not a Robot,1.8048861810936383,-0.48629600295167785,424
In the Shadow of the Cypress,1.8048861810936383,-0.48629600295167785,439
The Only Girl in the Orchestra,1.8048861810936383,-0.48629600295167785,1030
The Zone of Interest,1.7662338756928755,1.309370369319639,1135
American Fiction,1.7662338756928755,-0.48629600295167785,69
Anatomy of a Fall,1.7662338756928755,-0.48629600295167785,80
Barbie,1.7662338756928755,-0.48629600295167785,112
The Boy and the Heron,1.7662338756928755,-0.48629600295167785,864
Godzilla Minus One,1.7662338756928755,-0.48629600295167785,366
The Holdovers,1.7662338756928755,-0.48629600295167785,961
The Last Repair Shop,1.7662338756928755,-0.48629600295167785,987
20 Days in Mariupol,1.7662338756928755,-0.48629600295167785,2
War Is Over! Inspired by the Music of John and Yoko,1.7662338756928755,-0.48629600295167785,1208
The Wonderful Story of Henry Sugar,1.7662338756928755,-0.48629600295167785,1128
The Whale,1.7275815702921253,1.309370369319639,1122
Top Gun: Maverick,1.7275815702921253,-0.48629600295167785,1166
Black Panther: Wakanda Forever,1.7275815702921253,-0.48629600295167785,140
Avatar: The Way of Water,1.7275815702921253,-0.48629600295167785,103
Women Talking,1.7275815702921253,-0.48629600295167785,1241
Guillermo del Toro's Pinocchio,1.7275815702921253,-0.48629600295167785,385
Navalny,1.7275815702921253,-0.48629600295167785,612
The Elephant Whisperers,1.7275815702921253,-0.48629600295167785,909
An Irish Goodbye,1.7275815702921253,-0.48629600295167785,76
"The Boy, the Mole, the Fox and the Horse",1.7275815702921253,-0.48629600295167785,865
RRR,1.7275815702921253,-0.48629600295167785,690
CODA,1.6889292648913623,3.105036741590956,185
The Eyes of Tammy Faye,1.6889292648913623,1.309370369319639,914
No Time to Die,1.6889292648913623,-0.48629600295167785,621
The Windshield Wiper,1.6889292648913623,-0.48629600295167785,1124
The Long Goodbye,1.6889292648913623,-0.48629600295167785,999
The Queen of Basketball,1.6889292648913623,-0.48629600295167785,1052
Summer of Soul,1.6889292648913623,-0.48629600295167785,802
Drive My Car,1.6889292648913623,-0.48629600295167785,287
Encanto,1.6889292648913623,-0.48629600295167785,303
West Side Story,1.6889292648913623,-0.48629600295167785,1214
Belfast,1.6889292648913623,-0.48629600295167785,123
The Power of the Dog,1.6889292648913623,-0.48629600295167785,1043
King Richard,1.6889292648913623,-0.48629600295167785,485
Cruella,1.6889292648913623,-0.48629600295167785,242
Nomadland,0.011196835387967393,3.105036741590956,622
The Father,0.011196835387967393,1.309370369319639,919
Judas and the Black Messiah,0.011196835387967393,1.309370369319639,472
Minari,0.011196835387967393,-0.48629600295167785,570
Mank,0.011196835387967393,1.309370369319639,544
Sound of Metal,0.011196835387967393,1.309370369319639,774
Ma Rainey's Black Bottom,0.011196835387967393,1.309370369319639,536
Promising Young Woman,0.011196835387967393,-0.48629600295167785,681
Tenet,0.011196835387967393,-0.48629600295167785,826
Soul,0.011196835387967393,1.309370369319639,773
Another Round,0.011196835387967393,-0.48629600295167785,89
My Octopus Teacher,0.011196835387967393,-0.48629600295167785,605
Colette,0.011196835387967393,-0.48629600295167785,224
If Anything Happens I Love You,0.011196835387967393,-0.48629600295167785,429
Two Distant Strangers,0.011196835387967393,-0.48629600295167785,1187
Ford v Ferrari,1.6116246540898491,1.309370369319639,339
Learning to Skateboard in a Warzone (If You're a Girl),1.6116246540898491,-0.48629600295167785,506
The Neighbors' Window,1.6116246540898491,-0.48629600295167785,1022
Little Women,1.6116246540898491,-0.48629600295167785,525
Marriage Story,1.6116246540898491,-0.48629600295167785,550
Jojo Rabbit,1.6116246540898491,-0.48629600295167785,468
Toy Story 4,1.6116246540898491,-0.48629600295167785,1175
Joker,1.6116246540898491,1.309370369319639,469
Once Upon a Time in Hollywood,1.6116246540898491,1.309370369319639,638
1917,1.6116246540898491,3.105036741590956,1
Judy,1.6116246540898491,-0.48629600295167785,474
Bombshell,1.6116246540898491,-0.48629600295167785,154
Rocketman,1.6116246540898491,-0.48629600295167785,709
American Factory,1.6116246540898491,-0.48629600295167785,68
Hair Love,1.6116246540898491,-0.48629600295167785,387
Green Book,1.5729723486890985,3.105036741590956,382
Roma,1.5729723486890985,3.105036741590956,711
Black Panther,1.5729723486890985,3.105036741590956,139
The Favourite,1.5729723486890985,-0.48629600295167785,920
A Star Is Born,1.5729723486890985,-0.48629600295167785,39
Vice,1.5729723486890985,-0.48629600295167785,1196
BlacKkKlansman,1.5729723486890985,-0.48629600295167785,134
First Man,1.5729723486890985,-0.48629600295167785,327
If Beale Street Could Talk,1.5729723486890985,-0.48629600295167785,430
Bao,1.5729723486890985,-0.48629600295167785,111
Free Solo,1.5729723486890985,-0.48629600295167785,342
Period. End of Sentence.,1.5729723486890985,-0.48629600295167785,655
Skin,1.5729723486890985,-0.48629600295167785,755
Spider-Man: Into the Spider-Verse,1.5729723486890985,-0.48629600295167785,784
Dunkirk,1.5343200432883357,3.105036741590956,290
"Three Billboards Outside Ebbing, Missouri",1.5343200432883357,1.309370369319639,1148
Darkest Hour,1.5343200432883357,1.309370369319639,250
Blade Runner 2049,1.5343200432883357,1.309370369319639,144
Coco,1.5343200432883357,1.309370369319639,221
Phantom Thread,1.5343200432883357,-0.48629600295167785,657
Call Me by Your Name,1.5343200432883357,-0.48629600295167785,190
Get Out,1.5343200432883357,-0.48629600295167785,355
"I, Tonya",1.5343200432883357,-0.48629600295167785,426
Dear Basketball,1.5343200432883357,-0.48629600295167785,261
A Fantastic Woman,1.5343200432883357,-0.48629600295167785,15
Heaven Is a Traffic Jam on the 405,1.5343200432883357,-0.48629600295167785,399
Icarus,1.5343200432883357,-0.48629600295167785,427
The Silent Child,1.5343200432883357,-0.48629600295167785,1078
Flesh and Sand (Carne y arena),1.5343200432883357,0.5897587519674631,331
Moonlight,1.4956677378875853,3.105036741590956,583
Hacksaw Ridge,1.4956677378875853,1.309370369319639,386
Manchester by the Sea,1.4956677378875853,1.309370369319639,541
Arrival,1.4956677378875853,-0.48629600295167785,96
Fences,1.4956677378875853,-0.48629600295167785,322
Fantastic Beasts and Where to Find Them,1.4956677378875853,-0.48629600295167785,314
The Jungle Book,1.4956677378875853,-0.48629600295167785,980
O.J.: Made in America,1.4956677378875853,-0.48629600295167785,630
Piper,1.4956677378875853,-0.48629600295167785,663
The Salesman,1.4956677378875853,-0.48629600295167785,1066
Sing,1.4956677378875853,-0.48629600295167785,753
Suicide Squad,1.4956677378875853,-0.48629600295167785,800
The White Helmets,1.4956677378875853,-0.48629600295167785,1123
Zootopia,1.4956677378875853,-0.48629600295167785,1263
Spotlight,1.4570154324868223,1.309370369319639,787
The Revenant,1.4570154324868223,3.105036741590956,1062
Bridge of Spies,1.4570154324868223,-0.48629600295167785,173
The Big Short,1.4570154324868223,-0.48629600295167785,855
The Danish Girl,1.4570154324868223,-0.48629600295167785,892
Room,1.4570154324868223,-0.48629600295167785,714
The Hateful Eight,1.4570154324868223,-0.48629600295167785,956
Ex Machina,1.4570154324868223,-0.48629600295167785,309
Inside Out,1.4570154324868223,-0.48629600295167785,449
Amy,1.4570154324868223,-0.48629600295167785,73
Bear Story,1.4570154324868223,-0.48629600295167785,116
A Girl in the River: The Price of Forgiveness,1.4570154324868223,-0.48629600295167785,21
Son of Saul,1.4570154324868223,-0.48629600295167785,767
Spectre,1.4570154324868223,-0.48629600295167785,779
Stutterer,1.4570154324868223,-0.48629600295167785,799
Whiplash,1.418363127086072,3.105036741590956,1221
The Imitation Game,1.418363127086072,-0.48629600295167785,972
American Sniper,1.418363127086072,-0.48629600295167785,70
Boyhood,1.418363127086072,-0.48629600295167785,163
Interstellar,1.418363127086072,-0.48629600295167785,451
The Theory of Everything,1.418363127086072,-0.48629600295167785,1093
Ida,1.418363127086072,-0.48629600295167785,428
Selma,1.418363127086072,-0.48629600295167785,732
Citizenfour,1.418363127086072,-0.48629600295167785,211
Big Hero 6,1.418363127086072,-0.48629600295167785,129
Crisis Hotline: Veterans Press 1,1.418363127086072,-0.48629600295167785,240
The Phone Call,1.418363127086072,-0.48629600295167785,1037
Still Alice,1.418363127086072,-0.48629600295167785,795
Feast,1.418363127086072,-0.48629600295167785,319
12 Years a Slave,1.3797108216853091,3.105036741590956,0
Dallas Buyers Club,1.3797108216853091,3.105036741590956,246
Frozen,1.3797108216853091,1.309370369319639,347
The Great Gatsby,1.3797108216853091,1.309370369319639,947
Her,1.3797108216853091,-0.48629600295167785,406
Blue Jasmine,1.3797108216853091,-0.48629600295167785,149
Mr Hublot,1.3797108216853091,-0.48629600295167785,592
The Lady in Number 6,1.3797108216853091,-0.48629600295167785,982
Helium,1.3797108216853091,-0.48629600295167785,402
The Great Beauty,1.3797108216853091,-0.48629600295167785,945
20 Feet from Stardom,1.3797108216853091,-0.48629600295167785,3
Argo,1.3410585162845585,3.105036741590956,94
Les Misérables,1.3410585162845585,3.105036741590956,514
Lincoln,1.3410585162845585,1.309370369319639,523
Django Unchained,1.3410585162845585,1.309370369319639,279
Skyfall,1.3410585162845585,1.309370369319639,758
Silver Linings Playbook,1.3410585162845585,-0.48629600295167785,751
Zero Dark Thirty,1.3410585162845585,-0.48629600295167785,1262
Amour,1.3410585162845585,-0.48629600295167785,71
Anna Karenina,1.3410585162845585,-0.48629600295167785,84
Paperman,1.3410585162845585,-0.48629600295167785,650
Brave,1.3410585162845585,-0.48629600295167785,168
Searching for Sugar Man,1.3410585162845585,-0.48629600295167785,729
Inocente,1.3410585162845585,-0.48629600295167785,447
Curfew,1.3410585162845585,-0.48629600295167785,243
The Iron Lady,1.3024062108837957,1.309370369319639,975
The Descendants,1.3024062108837957,-0.48629600295167785,898
The Girl with the Dragon Tattoo,1.3024062108837957,-0.48629600295167785,935
Midnight in Paris,1.3024062108837957,-0.48629600295167785,563
The Help,1.3024062108837957,-0.48629600295167785,958
A Separation,1.3024062108837957,-0.48629600295167785,37
The Fantastic Flying Books of Mr. Morris Lessmore,1.3024062108837957,-0.48629600295167785,917
The Shore,1.3024062108837957,-0.48629600295167785,1077
Undefeated,1.3024062108837957,-0.48629600295167785,1191
The Muppets,1.3024062108837957,-0.48629600295167785,1018
Saving Face,1.3024062108837957,-0.48629600295167785,725
Beginners,1.3024062108837957,-0.48629600295167785,121
Rango,1.3024062108837957,-0.48629600295167785,694
The Social Network,1.2637539054830453,3.105036741590956,1082
The Fighter,1.2637539054830453,1.309370369319639,921
Toy Story 3,1.2637539054830453,1.309370369319639,1174
Alice in Wonderland,1.2637539054830453,1.309370369319639,56
Black Swan,1.2637539054830453,-0.48629600295167785,142
In a Better World,1.2637539054830453,-0.48629600295167785,437
The Lost Thing,1.2637539054830453,-0.48629600295167785,1003
God of Love,1.2637539054830453,-0.48629600295167785,364
The Wolfman,1.2637539054830453,-0.48629600295167785,1126
Strangers No More,1.2637539054830453,-0.48629600295167785,796
Inside Job,1.2637539054830453,-0.48629600295167785,448
Avatar,1.2251016000822823,3.105036741590956,102
Precious,1.2251016000822823,1.309370369319639,673
Up,1.2251016000822823,1.309370369319639,1193
Crazy Heart,1.2251016000822823,1.309370369319639,237
Inglourious Basterds,1.2251016000822823,-0.48629600295167785,445
Star Trek,1.2251016000822823,-0.48629600295167785,791
The Young Victoria,1.2251016000822823,-0.48629600295167785,1134
The Blind Side,1.2251016000822823,-0.48629600295167785,859
Music by Prudence,1.2251016000822823,-0.48629600295167785,599
The Secret in Their Eyes,1.2251016000822823,-0.48629600295167785,1074
The Cove,1.2251016000822823,-0.48629600295167785,886
The New Tenants,1.2251016000822823,-0.48629600295167785,1023
Logorama,1.2251016000822823,-0.48629600295167785,527
The Curious Case of Benjamin Button,1.186449294681532,3.105036741590956,891
Milk,1.186449294681532,1.309370369319639,568
The Dark Knight,1.186449294681532,1.309370369319639,895
WALL-E,1.186449294681532,-0.48629600295167785,1203
The Reader,1.186449294681532,-0.48629600295167785,1056
The Duchess,1.186449294681532,-0.48629600295167785,907
Departures,1.186449294681532,-0.48629600295167785,268
Vicky Cristina Barcelona,1.186449294681532,-0.48629600295167785,1197
Smile Pinki,1.186449294681532,-0.48629600295167785,761
Man on Wire,1.186449294681532,-0.48629600295167785,540
Toyland,1.186449294681532,-0.48629600295167785,1176
La Maison en Petits Cubes,1.186449294681532,-0.48629600295167785,500
The Bourne Ultimatum,1.1477969892807691,3.105036741590956,862
There Will Be Blood,1.1477969892807691,1.309370369319639,1137
La Vie en rose,1.1477969892807691,1.309370369319639,502
Atonement,1.1477969892807691,-0.48629600295167785,101
Michael Clayton,1.1477969892807691,-0.48629600295167785,560
Ratatouille,1.1477969892807691,-0.48629600295167785,696
Juno,1.1477969892807691,-0.48629600295167785,477
Sweeney Todd: The Demon Barber of Fleet Street,1.1477969892807691,-0.48629600295167785,810
The Golden Compass,1.1477969892807691,-0.48629600295167785,938
Elizabeth: The Golden Age,1.1477969892807691,-0.48629600295167785,299
Taxi to the Dark Side,1.1477969892807691,-0.48629600295167785,821
Peter & the Wolf,1.1477969892807691,-0.48629600295167785,656
Once,1.1477969892807691,-0.48629600295167785,637
Le Mozart des pickpockets,1.1477969892807691,-0.48629600295167785,505
The Counterfeiters (Die Fälscher),1.1477969892807691,-0.48629600295167785,883
Freeheld,1.1477969892807691,-0.48629600295167785,343
Pan's Labyrinth (El laberinto del fauno),1.1091446838800185,3.105036741590956,646
Dreamgirls,1.1091446838800185,1.309370369319639,286
Little Miss Sunshine,1.1091446838800185,1.309370369319639,524
An Inconvenient Truth,1.1091446838800185,1.309370369319639,75
Babel,1.1091446838800185,-0.48629600295167785,106
The Queen,1.1091446838800185,-0.48629600295167785,1051
Letters from Iwo Jima,1.1091446838800185,-0.48629600295167785,516
Pirates of the Caribbean: Dead Man's Chest,1.1091446838800185,-0.48629600295167785,664
The Danish Poet,1.1091446838800185,-0.48629600295167785,893
Happy Feet,1.1091446838800185,-0.48629600295167785,390
The Last King of Scotland,1.1091446838800185,-0.48629600295167785,985
The Lives of Others (Das Leben der Anderen),1.1091446838800185,-0.48629600295167785,996
Marie Antoinette,1.1091446838800185,-0.48629600295167785,546
West Bank Story,1.1091446838800185,-0.48629600295167785,1213
The Blood of Yingzhou District,1.1091446838800185,-0.48629600295167785,860
Crash,1.0704923784792557,3.105036741590956,234
Brokeback Mountain,1.0704923784792557,3.105036741590956,175
Memoirs of a Geisha,1.0704923784792557,3.105036741590956,556
King Kong,1.0704923784792557,3.105036741590956,484
Capote,1.0704923784792557,-0.48629600295167785,192
Walk the Line,1.0704923784792557,-0.48629600295167785,1205
The Constant Gardener,1.0704923784792557,-0.48629600295167785,882
"The Chronicles of Narnia: The Lion, the Witch and the Wardrobe",1.0704923784792557,-0.48629600295167785,877
Hustle & Flow,1.0704923784792557,-0.48629600295167785,416
Syriana,1.0704923784792557,-0.48629600295167785,815
March of the Penguins (La Marche de l'empereur),1.0704923784792557,-0.48629600295167785,545
Six Shooter,1.0704923784792557,-0.48629600295167785,754
The Moon and the Son: An Imagined Conversation,1.0704923784792557,-0.48629600295167785,1015
A Note of Triumph: The Golden Age of Norman Corwin,1.0704923784792557,-0.48629600295167785,30
Tsotsi,1.0704923784792557,-0.48629600295167785,1182
Wallace & Gromit: The Curse of the Were-Rabbit,1.0704923784792557,-0.48629600295167785,1207
Ray,1.0318400730785053,1.309370369319639,697
The Incredibles,1.0318400730785053,1.309370369319639,973
Finding Neverland,1.0318400730785053,-0.48629600295167785,326
Sideways,1.0318400730785053,-0.48629600295167785,750
Lemony Snicket's A Series of Unfortunate Events,1.0318400730785053,-0.48629600295167785,511
Spider-Man 2,1.0318400730785053,-0.48629600295167785,783
Eternal Sunshine of the Spotless Mind,1.0318400730785053,-0.48629600295167785,306
The Motorcycle Diaries,1.0318400730785053,-0.48629600295167785,1017
The Sea Inside,1.0318400730785053,-0.48629600295167785,1071
Born into Brothels,1.0318400730785053,-0.48629600295167785,159
Mighty Times: The Children's March,1.0318400730785053,-0.48629600295167785,566
Wasp,1.0318400730785053,-0.48629600295167785,1210
Ryan,1.0318400730785053,-0.48629600295167785,718
Master and Commander: The Far Side of the World,0.9931877676777424,1.309370369319639,552
Mystic River,0.9931877676777424,1.309370369319639,607
Cold Mountain,0.9931877676777424,-0.48629600295167785,223
Lost in Translation,0.9931877676777424,-0.48629600295167785,529
Finding Nemo,0.9931877676777424,-0.48629600295167785,325
The Barbarian Invasions,0.9931877676777424,-0.48629600295167785,846
Two Soldiers,0.9931877676777424,-0.48629600295167785,1188
Monster,0.9931877676777424,-0.48629600295167785,579
Harvie Krumpet,0.9931877676777424,-0.48629600295167785,395
Chernobyl Heart,0.9931877676777424,-0.48629600295167785,204
The Fog of War,0.9931877676777424,-0.48629600295167785,927
The Pianist,0.9545354622769796,3.105036741590956,1038
The Lord of the Rings: The Two Towers,0.9545354622769796,1.309370369319639,1002
Frida,0.9545354622769796,1.309370369319639,345
The Hours,0.9545354622769796,-0.48629600295167785,965
Road to Perdition,0.9545354622769796,-0.48629600295167785,705
Adaptation,0.9545354622769796,-0.48629600295167785,47
Talk to Her (Hable con ella),0.9545354622769796,-0.48629600295167785,817
This Charming Man (Der Er En Yndig Mand),0.9545354622769796,-0.48629600295167785,1141
Spirited Away,0.9545354622769796,-0.48629600295167785,785
Nowhere in Africa (Nirgendwo in Afrika),0.9545354622769796,-0.48629600295167785,628
The ChubbChubbs!,0.9545354622769796,-0.48629600295167785,878
Twin Towers,0.9545354622769796,-0.48629600295167785,1185
Bowling for Columbine,0.9545354622769796,-0.48629600295167785,162
8 Mile,0.9545354622769796,-0.48629600295167785,8
Moulin Rouge!,0.9158831568762291,1.309370369319639,590
Black Hawk Down,0.9158831568762291,1.309370369319639,136
Gosford Park,0.9158831568762291,-0.48629600295167785,374
"Monsters, Inc.",0.9158831568762291,-0.48629600295167785,581
Pearl Harbor,0.9158831568762291,-0.48629600295167785,652
Iris,0.9158831568762291,-0.48629600295167785,455
Shrek,0.9158831568762291,-0.48629600295167785,749
Training Day,0.9158831568762291,-0.48629600295167785,1177
Monster's Ball,0.9158831568762291,-0.48629600295167785,580
Thoth,0.9158831568762291,-0.48629600295167785,1147
For the Birds,0.9158831568762291,-0.48629600295167785,337
No Man's Land,0.9158831568762291,-0.48629600295167785,619
Murder on a Sunday Morning (Un coupable idéal),0.9158831568762291,-0.48629600295167785,597
The Accountant,0.9158831568762291,-0.48629600295167785,833
Erin Brockovich,0.8772308514754662,-0.48629600295167785,304
Almost Famous,0.8772308514754662,-0.48629600295167785,63
Wonder Boys,0.8772308514754662,-0.48629600295167785,1244
How the Grinch Stole Christmas,0.8772308514754662,-0.48629600295167785,411
U-571,0.8772308514754662,-0.48629600295167785,1190
Pollock,0.8772308514754662,-0.48629600295167785,669
Father and Daughter,0.8772308514754662,-0.48629600295167785,318
Into the Arms of Strangers: Stories of the Kindertransport,0.8772308514754662,-0.48629600295167785,453
Quiero ser (I want to be...),0.8772308514754662,-0.48629600295167785,688
Big Mama,0.8772308514754662,-0.48629600295167785,130
The Cider House Rules,0.8385785460747157,1.309370369319639,879
Topsy-Turvy,0.8385785460747157,1.309370369319639,1168
Sleepy Hollow,0.8385785460747157,-0.48629600295167785,759
Boys Don't Cry,0.8385785460747157,-0.48629600295167785,164
Tarzan,0.8385785460747157,-0.48629600295167785,820
One Day in September,0.8385785460747157,-0.48629600295167785,639
The Red Violin (Le violon rouge),0.8385785460747157,-0.48629600295167785,1059
The Old Man and the Sea,0.8385785460747157,-0.48629600295167785,1027
My Mother Dreams the Satan's Disciples in New York,0.8385785460747157,-0.48629600295167785,604
King Gimp,0.8385785460747157,-0.48629600295167785,483
"Girl, Interrupted",0.8385785460747157,-0.48629600295167785,359
All About My Mother (Todo sobre mi madre),0.8385785460747157,-0.48629600295167785,59
Life Is Beautiful (La vita è bella),0.7999262406739529,3.105036741590956,518
Elizabeth,0.7999262406739529,-0.48629600295167785,298
Gods and Monsters,0.7999262406739529,-0.48629600295167785,365
The Prince of Egypt,0.7999262406739529,-0.48629600295167785,1046
Affliction,0.7999262406739529,-0.48629600295167785,49
What Dreams May Come,0.7999262406739529,-0.48629600295167785,1215
The Personals,0.7999262406739529,-0.48629600295167785,1035
The Last Days,0.7999262406739529,-0.48629600295167785,984
Election Night (Valgaften),0.7999262406739529,-0.48629600295167785,297
Bunny,0.7999262406739529,-0.48629600295167785,181
Good Will Hunting,0.7612739352732024,1.309370369319639,370
L.A. Confidential,0.7612739352732024,1.309370369319639,497
As Good as It Gets,0.7612739352732024,1.309370369319639,100
The Full Monty,0.7612739352732024,-0.48629600295167785,930
Men in Black,0.7612739352732024,-0.48629600295167785,558
Visas and Virtue,0.7612739352732024,-0.48629600295167785,1200
Character (Karakter),0.7612739352732024,-0.48629600295167785,201
Geri's Game,0.7612739352732024,-0.48629600295167785,354
A Story of Healing,0.7612739352732024,-0.48629600295167785,40
The Long Way Home,0.7612739352732024,-0.48629600295167785,1000
Fargo,0.7226216298724396,1.309370369319639,316
Shine,0.7226216298724396,-0.48629600295167785,746
Evita,0.7226216298724396,-0.48629600295167785,308
Jerry Maguire,0.7226216298724396,-0.48629600295167785,462
Independence Day,0.7226216298724396,-0.48629600295167785,441
Emma,0.7226216298724396,-0.48629600295167785,302
Sling Blade,0.7226216298724396,-0.48629600295167785,760
The Ghost and the Darkness,0.7226216298724396,-0.48629600295167785,934
Kolya,0.7226216298724396,-0.48629600295167785,493
The Nutty Professor,0.7226216298724396,-0.48629600295167785,1025
Quest,0.7226216298724396,-0.48629600295167785,685
When We Were Kings,0.7226216298724396,-0.48629600295167785,1219
Breathing Lessons: The Life and Work of Mark O'Brien,0.7226216298724396,-0.48629600295167785,172
Dear Diary,0.7226216298724396,-0.48629600295167785,262
Apollo 13,0.6839693244716891,1.309370369319639,92
Pocahontas,0.6839693244716891,1.309370369319639,668
The Usual Suspects,0.6839693244716891,1.309370369319639,1111
Restoration,0.6839693244716891,1.309370369319639,702
Babe,0.6839693244716891,-0.48629600295167785,105
Sense and Sensibility,0.6839693244716891,-0.48629600295167785,733
Il Postino: The Postman,0.6839693244716891,-0.48629600295167785,432
Dead Man Walking,0.6839693244716891,-0.48629600295167785,258
Leaving Las Vegas,0.6839693244716891,-0.48629600295167785,508
Mighty Aphrodite,0.6839693244716891,-0.48629600295167785,564
Anne Frank Remembered,0.6839693244716891,-0.48629600295167785,86
A Close Shave,0.6839693244716891,-0.48629600295167785,12
Lieberman in Love,0.6839693244716891,-0.48629600295167785,517
One Survivor Remembers,0.6839693244716891,-0.48629600295167785,642
Antonia's Line (Antonia),0.6839693244716891,-0.48629600295167785,90
Toy Story,0.6839693244716891,0.5897587519674631,1173
The Lion King,0.6453170190709263,1.309370369319639,991
Speed,0.6453170190709263,1.309370369319639,780
Ed Wood,0.6453170190709263,1.309370369319639,295
Pulp Fiction,0.6453170190709263,-0.48629600295167785,682
Bullets Over Broadway,0.6453170190709263,-0.48629600295167785,179
The Madness of King George,0.6453170190709263,-0.48629600295167785,1005
Legends of the Fall,0.6453170190709263,-0.48629600295167785,509
A Time for Justice,0.6453170190709263,-0.48629600295167785,43
Franz Kafka's It's a Wonderful Life,0.6453170190709263,-0.48629600295167785,341
Maya Lin: A Strong Clear Vision,0.6453170190709263,-0.48629600295167785,553
Burnt by the Sun (Utomlyonnye solntsem),0.6453170190709263,-0.48629600295167785,182
Trevor,0.6453170190709263,-0.48629600295167785,1180
"The Adventures of Priscilla, Queen of the Desert",0.6453170190709263,-0.48629600295167785,835
Bob's Birthday,0.6453170190709263,-0.48629600295167785,152
Blue Sky,0.6453170190709263,-0.48629600295167785,150
The Piano,0.6066647136701758,3.105036741590956,1039
Jurassic Park,0.6066647136701758,3.105036741590956,478
Philadelphia,0.6066647136701758,1.309370369319639,659
The Fugitive,0.6066647136701758,-0.48629600295167785,929
The Age of Innocence,0.6066647136701758,-0.48629600295167785,838
The Wrong Trousers,0.6066647136701758,-0.48629600295167785,1130
Belle Epoque (The Beautiful Era),0.6066647136701758,-0.48629600295167785,124
I Am a Promise: The Children of Stanton Elementary School,0.6066647136701758,-0.48629600295167785,418
Mrs. Doubtfire,0.6066647136701758,-0.48629600295167785,595
Black Rider (Schwarzfahrer),0.6066647136701758,-0.48629600295167785,141
Defending Our Lives,0.6066647136701758,-0.48629600295167785,267
Howards End,0.5680124082694129,3.105036741590956,414
Bram Stoker's Dracula,0.5680124082694129,3.105036741590956,167
Aladdin,0.5680124082694129,1.309370369319639,52
The Crying Game,0.5680124082694129,-0.48629600295167785,890
Scent of a Woman,0.5680124082694129,-0.48629600295167785,727
A River Runs Through It,0.5680124082694129,-0.48629600295167785,35
Indochine,0.5680124082694129,-0.48629600295167785,444
My Cousin Vinny,0.5680124082694129,-0.48629600295167785,601
The Panama Deception,0.5680124082694129,-0.48629600295167785,1032
Educating Peter,0.5680124082694129,-0.48629600295167785,296
The Last of the Mohicans,0.5680124082694129,-0.48629600295167785,988
Death Becomes Her,0.5680124082694129,-0.48629600295167785,263
Omnibus,0.5680124082694129,-0.48629600295167785,634
Mona Lisa Descending a Staircase,0.5680124082694129,-0.48629600295167785,577
Bugsy,0.5293601028686624,1.309370369319639,178
JFK,0.5293601028686624,1.309370369319639,460
Beauty and the Beast,0.5293601028686624,1.309370369319639,117
Thelma & Louise,0.5293601028686624,-0.48629600295167785,1136
The Fisher King,0.5293601028686624,-0.48629600295167785,923
In the Shadow of the Stars,0.5293601028686624,-0.48629600295167785,440
Manipulation,0.5293601028686624,-0.48629600295167785,543
Mediterraneo,0.5293601028686624,-0.48629600295167785,554
Session Man,0.5293601028686624,-0.48629600295167785,738
City Slickers,0.5293601028686624,-0.48629600295167785,212
"Deadly Deception: General Electric, Nuclear Weapons and Our Environment",0.5293601028686624,-0.48629600295167785,260
Dick Tracy,0.4907077974678996,3.105036741590956,275
Ghost,0.4907077974678996,1.309370369319639,357
Goodfellas,0.4907077974678996,-0.48629600295167785,373
The Hunt for Red October,0.4907077974678996,-0.48629600295167785,969
Reversal of Fortune,0.4907077974678996,-0.48629600295167785,704
Cyrano de Bergerac,0.4907077974678996,-0.48629600295167785,244
American Dream,0.4907077974678996,-0.48629600295167785,67
Journey of Hope (Reise der Hoffnung),0.4907077974678996,-0.48629600295167785,471
Days of Waiting,0.4907077974678996,-0.48629600295167785,256
Creature Comforts,0.4907077974678996,-0.48629600295167785,238
The Lunch Date,0.4907077974678996,-0.48629600295167785,1004
Misery,0.4907077974678996,-0.48629600295167785,572
Total Recall,0.4907077974678996,0.5897587519674631,1171
Glory,0.4520554920671491,3.105036741590956,363
Born on the Fourth of July,0.4520554920671491,1.309370369319639,160
My Left Foot,0.4520554920671491,1.309370369319639,603
The Little Mermaid,0.4520554920671491,1.309370369319639,994
Dead Poets Society,0.4520554920671491,-0.48629600295167785,259
The Abyss,0.4520554920671491,-0.48629600295167785,831
Indiana Jones and the Last Crusade,0.4520554920671491,-0.48629600295167785,442
Henry V,0.4520554920671491,-0.48629600295167785,405
The Johnstown Flood,0.4520554920671491,-0.48629600295167785,977
Common Threads: Stories from the Quilt,0.4520554920671491,-0.48629600295167785,228
Cinema Paradiso,0.4520554920671491,-0.48629600295167785,209
Work Experience,0.4520554920671491,-0.48629600295167785,1247
Batman,0.4520554920671491,-0.48629600295167785,113
Balance,0.4520554920671491,-0.48629600295167785,110
Dangerous Liaisons,0.41340318666638626,3.105036741590956,248
Who Framed Roger Rabbit,0.41340318666638626,0.5897587519674631,1226
Mississippi Burning,0.41340318666638626,-0.48629600295167785,574
Working Girl,0.41340318666638626,-0.48629600295167785,1248
The Accidental Tourist,0.41340318666638626,-0.48629600295167785,832
A Fish Called Wanda,0.41340318666638626,-0.48629600295167785,17
Pelle the Conqueror (Pelle erobreren),0.41340318666638626,-0.48629600295167785,653
The Accused,0.41340318666638626,-0.48629600295167785,834
The Appointments of Dennis Jennings,0.41340318666638626,-0.48629600295167785,842
Beetlejuice,0.41340318666638626,-0.48629600295167785,120
Bird,0.41340318666638626,-0.48629600295167785,132
Hôtel Terminus: The Life and Times of Klaus Barbie,0.41340318666638626,-0.48629600295167785,417
The Milagro Beanfield War,0.41340318666638626,-0.48629600295167785,1011
Tin Toy,0.41340318666638626,-0.48629600295167785,1156
You Don't Have to Die,0.41340318666638626,-0.48629600295167785,1258
Moonstruck,0.37475088126563577,3.105036741590956,584
The Untouchables,0.37475088126563577,-0.48629600295167785,1110
Babette's Feast (Babettes gæstebud),0.37475088126563577,-0.48629600295167785,107
Dirty Dancing,0.37475088126563577,-0.48629600295167785,276
Harry and the Hendersons,0.37475088126563577,-0.48629600295167785,393
Innerspace,0.37475088126563577,-0.48629600295167785,446
The Man Who Planted Trees (L' Homme qui plantait des arbres),0.37475088126563577,-0.48629600295167785,1008
Ray's Male Heterosexual Dance Hall,0.37475088126563577,-0.48629600295167785,698
The Ten-Year Lunch,0.37475088126563577,-0.48629600295167785,1092
Wall Street,0.37475088126563577,-0.48629600295167785,1206
Young at Heart,0.37475088126563577,-0.48629600295167785,1260
RoboCop,0.37475088126563577,0.5897587519674631,708
A Room with a View,0.33609857586487296,3.105036741590956,36
Hannah and Her Sisters,0.33609857586487296,3.105036741590956,388
Aliens,0.33609857586487296,1.309370369319639,58
The Mission,0.33609857586487296,-0.48629600295167785,1014
Children of a Lesser God,0.33609857586487296,-0.48629600295167785,205
The Color of Money,0.33609857586487296,-0.48629600295167785,881
Top Gun,0.33609857586487296,-0.48629600295167785,1165
Round Midnight,0.33609857586487296,-0.48629600295167785,717
Artie Shaw: Time Is All You've Got,0.33609857586487296,-0.48629600295167785,99
The Assault (De Aanslag),0.33609857586487296,-0.48629600295167785,843
Down and Out in America,0.33609857586487296,-0.48629600295167785,284
The Fly,0.33609857586487296,-0.48629600295167785,925
A Greek Tragedy,0.33609857586487296,-0.48629600295167785,22
Precious Images,0.33609857586487296,-0.48629600295167785,674
"Women – for America, for the World",0.33609857586487296,-0.48629600295167785,1243
Witness,0.2974462704641225,1.309370369319639,1238
Cocoon,0.2974462704641225,1.309370369319639,222
Prizzi's Honor,0.2974462704641225,-0.48629600295167785,679
Back to the Future,0.2974462704641225,-0.48629600295167785,108
Kiss of the Spider Woman,0.2974462704641225,-0.48629600295167785,488
Ran,0.2974462704641225,-0.48629600295167785,693
The Official Story (La Historia Oficial),0.2974462704641225,-0.48629600295167785,1026
The Trip to Bountiful,0.2974462704641225,-0.48629600295167785,1105
White Nights,0.2974462704641225,-0.48629600295167785,1222
Anna & Bella,0.2974462704641225,-0.48629600295167785,83
Broken Rainbow,0.2974462704641225,-0.48629600295167785,177
Mask,0.2974462704641225,-0.48629600295167785,551
Molly's Pilgrim,0.2974462704641225,-0.48629600295167785,576
Witness to War: Dr. Charlie Clements,0.2974462704641225,-0.48629600295167785,1239
The Killing Fields,0.2587939650633596,3.105036741590956,981
A Passage to India,0.2587939650633596,1.309370369319639,31
Places in the Heart,0.2587939650633596,1.309370369319639,665
Indiana Jones and the Temple of Doom,0.2587939650633596,-0.48629600295167785,443
Charade,0.2587939650633596,-0.48629600295167785,202
Dangerous Moves (La Diagonale du fou),0.2587939650633596,-0.48629600295167785,249
Purple Rain,0.2587939650633596,-0.48629600295167785,683
The Stone Carvers,0.2587939650633596,-0.48629600295167785,1084
The Times of Harvey Milk,0.2587939650633596,-0.48629600295167785,1099
Up,0.2587939650633596,-0.48629600295167785,1193
The Woman in Red,0.2587939650633596,-0.48629600295167785,1127
The River,0.2587939650633596,0.5897587519674631,1063
Tender Mercies,0.22014165966260912,1.309370369319639,825
Yentl,0.22014165966260912,-0.48629600295167785,1255
Flashdance,0.22014165966260912,-0.48629600295167785,330
Boys and Girls,0.22014165966260912,-0.48629600295167785,166
Flamenco at 5:15,0.22014165966260912,-0.48629600295167785,329
He Makes Me Feel Like Dancin',0.22014165966260912,-0.48629600295167785,396
Sundae in New York,0.22014165966260912,-0.48629600295167785,803
The Year of Living Dangerously,0.22014165966260912,-0.48629600295167785,1132
Return of the Jedi,0.22014165966260912,0.5897587519674631,703
An Officer and a Gentleman,0.1814893542618463,1.309370369319639,78
Tootsie,0.1814893542618463,-0.48629600295167785,1164
Victor/Victoria,0.1814893542618463,-0.48629600295167785,1198
Sophie's Choice,0.1814893542618463,-0.48629600295167785,772
Missing,0.1814893542618463,-0.48629600295167785,573
If You Love This Planet,0.1814893542618463,-0.48629600295167785,431
Just Another Missing Kid,0.1814893542618463,-0.48629600295167785,479
A Shocking Accident,0.1814893542618463,-0.48629600295167785,38
Tango,0.1814893542618463,-0.48629600295167785,818
To Begin Again (Volver a empezar),0.1814893542618463,-0.48629600295167785,1159
Quest for Fire,0.1814893542618463,-0.48629600295167785,686
Raiders of the Lost Ark,0.1428370488610958,0.5897587519674631,692
Reds,0.1428370488610958,3.105036741590956,701
On Golden Pond,0.1428370488610958,3.105036741590956,635
Arthur,0.1428370488610958,1.309370369319639,97
An American Werewolf in London,0.1428370488610958,-0.48629600295167785,74
Close Harmony,0.1428370488610958,-0.48629600295167785,217
Crac,0.1428370488610958,-0.48629600295167785,233
Genocide,0.1428370488610958,-0.48629600295167785,351
Mephisto,0.1428370488610958,-0.48629600295167785,559
Violet,0.1428370488610958,-0.48629600295167785,1199
Tess,0.10418474346033296,3.105036741590956,827
Raging Bull,0.10418474346033296,1.309370369319639,691
Fame,0.10418474346033296,1.309370369319639,312
Melvin and Howard,0.10418474346033296,1.309370369319639,555
Coal Miner's Daughter,0.10418474346033296,-0.48629600295167785,220
The Empire Strikes Back,0.10418474346033296,0.5897587519674631,910
The Dollar Bottom,0.10418474346033296,-0.48629600295167785,904
The Fly (A Légy),0.10418474346033296,-0.48629600295167785,926
From Mao to Mozart: Isaac Stern in China,0.10418474346033296,-0.48629600295167785,346
Karl Hess: Toward Liberty,0.10418474346033296,-0.48629600295167785,480
Moscow Does Not Believe in Tears,0.10418474346033296,-0.48629600295167785,586
Apocalypse Now,0.06553243805958248,1.309370369319639,91
Norma Rae,0.06553243805958248,1.309370369319639,624
Breaking Away,0.06553243805958248,-0.48629600295167785,170
Alien,0.06553243805958248,-0.48629600295167785,57
Being There,0.06553243805958248,-0.48629600295167785,122
A Little Romance,0.06553243805958248,-0.48629600295167785,27
Best Boy,0.06553243805958248,-0.48629600295167785,126
Board and Care,0.06553243805958248,-0.48629600295167785,151
Every Child,0.06553243805958248,-0.48629600295167785,307
Paul Robeson: Tribute to an Artist,0.06553243805958248,-0.48629600295167785,651
The Tin Drum (Die Blechtrommel),0.06553243805958248,-0.48629600295167785,1100
The Black Stallion,0.06553243805958248,0.5897587519674631,857
Coming Home,0.026880132658819632,3.105036741590956,227
Midnight Express,0.026880132658819632,1.309370369319639,562
Heaven Can Wait,0.026880132658819632,-0.48629600295167785,398
Days of Heaven,0.026880132658819632,-0.48629600295167785,255
California Suite,0.026880132658819632,-0.48629600295167785,188
The Buddy Holly Story,0.026880132658819632,-0.48629600295167785,871
Death on the Nile,0.026880132658819632,-0.48629600295167785,264
The Flight of the Gossamer Condor,0.026880132658819632,-0.48629600295167785,924
Get Out Your Handkerchiefs (Préparez vos mouchoirs),0.026880132658819632,-0.48629600295167785,356
Scared Straight!,0.026880132658819632,-0.48629600295167785,726
Special Delivery,0.026880132658819632,-0.48629600295167785,778
Teenage Father,0.026880132658819632,-0.48629600295167785,823
Thank God It's Friday,0.026880132658819632,-0.48629600295167785,828
Superman,0.026880132658819632,0.5897587519674631,807
Star Wars,-0.011772172741930853,0.5897587519674631,792
Julia,-0.011772172741930853,3.105036741590956,475
Close Encounters of the Third Kind,-0.011772172741930853,0.5897587519674631,216
The Goodbye Girl,-0.011772172741930853,-0.48629600295167785,941
A Little Night Music,-0.011772172741930853,-0.48629600295167785,26
Gravity Is My Enemy,-0.011772172741930853,-0.48629600295167785,379
I'll Find a Way,-0.011772172741930853,-0.48629600295167785,423
Madame Rosa (La Vie devant soi),-0.011772172741930853,-0.48629600295167785,537
The Sand Castle (Le Château de sable),-0.011772172741930853,-0.48629600295167785,1067
Who Are the DeBolts? And Where Did They Get Nineteen Kids?,-0.011772172741930853,-0.48629600295167785,1225
You Light Up My Life,-0.011772172741930853,-0.48629600295167785,1259
Rocky,-0.0504244781426937,3.105036741590956,710
Bound for Glory,-0.0504244781426937,1.309370369319639,161
A Star Is Born,-0.0504244781426937,-0.48629600295167785,39
Fellini's Casanova (Il Casanova di Federico Fellini),-0.0504244781426937,-0.48629600295167785,321
The Omen,-0.0504244781426937,-0.48629600295167785,1029
Black and White in Color (Noirs et blancs en couleur),-0.0504244781426937,-0.48629600295167785,143
"Harlan County, USA",-0.0504244781426937,-0.48629600295167785,391
In the Region of Ice,-0.0504244781426937,-0.48629600295167785,438
Leisure,-0.0504244781426937,-0.48629600295167785,510
Number Our Days,-0.0504244781426937,-0.48629600295167785,629
King Kong,-0.0504244781426937,0.5897587519674631,484
Logan's Run,-0.0504244781426937,0.5897587519674631,526
Jaws,-0.08907678354344419,3.105036741590956,461
Dog Day Afternoon,-0.08907678354344419,-0.48629600295167785,282
Nashville,-0.08907678354344419,-0.48629600295167785,608
Shampoo,-0.08907678354344419,-0.48629600295167785,742
The Sunshine Boys,-0.08907678354344419,-0.48629600295167785,1090
Angel and Big Joe,-0.08907678354344419,-0.48629600295167785,82
Dersu Uzala,-0.08907678354344419,-0.48629600295167785,270
The End of the Game,-0.08907678354344419,-0.48629600295167785,911
Great (Great (Isambard Kingdom Brunel)),-0.08907678354344419,-0.48629600295167785,380
The Man Who Skied Down Everest,-0.08907678354344419,-0.48629600295167785,1009
The Hindenburg,-0.08907678354344419,0.5897587519674631,960
The Towering Inferno,-0.12772908894420704,3.105036741590956,1103
The Great Gatsby,-0.12772908894420704,1.309370369319639,947
Chinatown,-0.12772908894420704,-0.48629600295167785,206
Murder on the Orient Express,-0.12772908894420704,-0.48629600295167785,598
Earthquake,-0.12772908894420704,0.5897587519674631,292
Alice Doesn't Live Here Anymore,-0.12772908894420704,-0.48629600295167785,55
Amarcord,-0.12772908894420704,-0.48629600295167785,65
Harry and Tonto,-0.12772908894420704,-0.48629600295167785,392
Closed Mondays,-0.12772908894420704,-0.48629600295167785,218
Don't,-0.12772908894420704,-0.48629600295167785,283
Hearts and Minds,-0.12772908894420704,-0.48629600295167785,397
"One-Eyed Men Are Kings (...borgnes sont rois, Les)",-0.12772908894420704,-0.48629600295167785,644
The Exorcist,-0.16638139434495752,1.309370369319639,913
The Way We Were,-0.16638139434495752,1.309370369319639,1118
Cries and Whispers (Viskningar och rop),-0.16638139434495752,-0.48629600295167785,239
A Touch of Class,-0.16638139434495752,-0.48629600295167785,44
Day for Night (La Nuit américaine),-0.16638139434495752,-0.48629600295167785,252
Paper Moon,-0.16638139434495752,-0.48629600295167785,649
The Paper Chase,-0.16638139434495752,-0.48629600295167785,1033
Save the Tiger,-0.16638139434495752,-0.48629600295167785,724
The Bolero,-0.16638139434495752,-0.48629600295167785,861
Frank Film,-0.16638139434495752,-0.48629600295167785,340
The Great American Cowboy,-0.16638139434495752,-0.48629600295167785,944
Princeton: A Search for Answers,-0.16638139434495752,-0.48629600295167785,678
The Godfather,-0.20503369974572036,3.105036741590956,937
The Poseidon Adventure,-0.20503369974572036,0.5897587519674631,1042
Travels with My Aunt,-0.20503369974572036,-0.48629600295167785,1179
Butterflies Are Free,-0.20503369974572036,-0.48629600295167785,184
The Candidate,-0.20503369974572036,-0.48629600295167785,872
The Discreet Charm of the Bourgeoisie (Le charme discret de la bourgeoisie),-0.20503369974572036,-0.48629600295167785,901
A Christmas Carol,-0.20503369974572036,-0.48629600295167785,11
Limelight,-0.20503369974572036,-0.48629600295167785,522
Marjoe,-0.20503369974572036,-0.48629600295167785,548
Norman Rockwell's World... An American Dream,-0.20503369974572036,-0.48629600295167785,625
This Tiny World,-0.20503369974572036,-0.48629600295167785,1145
Fiddler on the Roof,-0.24368600514647085,3.105036741590956,324
The Last Picture Show,-0.24368600514647085,1.309370369319639,986
Nicholas and Alexandra,-0.24368600514647085,1.309370369319639,616
Sentinels of Silence,-0.24368600514647085,1.309370369319639,734
Bedknobs and Broomsticks,-0.24368600514647085,-0.48629600295167785,119
Summer of '42,-0.24368600514647085,-0.48629600295167785,801
The Garden of the Finzi-Continis (Il Giardino dei Finzi-Contini),-0.24368600514647085,-0.48629600295167785,932
The Hospital,-0.24368600514647085,-0.48629600295167785,964
Klute,-0.24368600514647085,-0.48629600295167785,490
Shaft,-0.24368600514647085,-0.48629600295167785,741
The Crunch Bird,-0.24368600514647085,-0.48629600295167785,889
The Hellstrom Chronicle,-0.24368600514647085,-0.48629600295167785,957
Ryan's Daughter,-0.2823383105472337,1.309370369319639,719
Airport,-0.2823383105472337,-0.48629600295167785,51
Love Story,-0.2823383105472337,-0.48629600295167785,532
M*A*S*H,-0.2823383105472337,-0.48629600295167785,535
Tora! Tora! Tora!,-0.2823383105472337,-0.48629600295167785,1169
Women in Love,-0.2823383105472337,-0.48629600295167785,1242
Lovers and Other Strangers,-0.2823383105472337,-0.48629600295167785,533
Woodstock,-0.2823383105472337,-0.48629600295167785,1246
Cromwell,-0.2823383105472337,-0.48629600295167785,241
Investigation of a Citizen Above Suspicion (Indagine su un cittadino al di sopra di ogni sospetto),-0.2823383105472337,-0.48629600295167785,454
Interviews with My Lai Veterans,-0.2823383105472337,-0.48629600295167785,452
Is It Always Right to Be Right?,-0.2823383105472337,-0.48629600295167785,457
Let It Be,-0.2823383105472337,-0.48629600295167785,515
The Resurrection of Broncho Billy,-0.2823383105472337,-0.48629600295167785,1061
Midnight Cowboy,-0.32099061594798417,3.105036741590956,561
"Hello, Dolly!",-0.32099061594798417,3.105036741590956,403
Z,-0.32099061594798417,1.309370369319639,1261
Anne of the Thousand Days,-0.32099061594798417,-0.48629600295167785,87
"They Shoot Horses, Don't They?",-0.32099061594798417,-0.48629600295167785,1138
Marooned,-0.32099061594798417,-0.48629600295167785,549
The Magic Machines,-0.32099061594798417,-0.48629600295167785,1006
The Prime of Miss Jean Brodie,-0.32099061594798417,-0.48629600295167785,1045
True Grit,-0.32099061594798417,-0.48629600295167785,1181
Arthur Rubinstein – The Love of Life (L'amour de la vie - Artur Rubinstein),-0.32099061594798417,-0.48629600295167785,98
Cactus Flower,-0.32099061594798417,-0.48629600295167785,186
Czechoslovakia 1968,-0.32099061594798417,-0.48629600295167785,245
It's Tough to Be a Bird,-0.32099061594798417,-0.48629600295167785,458
Oliver!,-0.35964292134874704,0.5897587519674631,633
The Lion in Winter,-0.35964292134874704,3.105036741590956,992
Romeo and Juliet,-0.35964292134874704,1.309370369319639,713
Funny Girl,-0.35964292134874704,-0.48629600295167785,348
2001: A Space Odyssey,-0.35964292134874704,-0.48629600295167785,5
Bullitt,-0.35964292134874704,-0.48629600295167785,180
The Producers,-0.3982952267494975,-0.48629600295167785,1049
Rosemary's Baby,-0.35964292134874704,-0.48629600295167785,716
The Subject Was Roses,-0.35964292134874704,-0.48629600295167785,1087
The Thomas Crown Affair,-0.35964292134874704,-0.48629600295167785,1096
War and Peace (Voyna i mir),-0.35964292134874704,-0.48629600295167785,1209
Charly,-0.35964292134874704,-0.48629600295167785,203
Journey into Self,-0.35964292134874704,-0.48629600295167785,470
Robert Kennedy Remembered,-0.35964292134874704,-0.48629600295167785,707
Why Man Creates,-0.35964292134874704,-0.48629600295167785,1229
Winnie the Pooh and the Blustery Day,-0.35964292134874704,-0.48629600295167785,1234
Planet of the Apes,-0.35964292134874704,0.5897587519674631,666
Camelot,-0.3982952267494975,3.105036741590956,191
Bonnie and Clyde,-0.3982952267494975,1.309370369319639,155
Guess Who's Coming to Dinner,-0.3982952267494975,1.309370369319639,384
Doctor Dolittle,-0.3982952267494975,1.309370369319639,280
The Graduate,-0.3982952267494975,-0.48629600295167785,942
Thoroughly Modern Millie,-0.3982952267494975,-0.48629600295167785,1146
Cool Hand Luke,-0.3982952267494975,-0.48629600295167785,230
The Dirty Dozen,-0.3982952267494975,-0.48629600295167785,900
A Place to Stand,-0.3982952267494975,-0.48629600295167785,33
The Anderson Platoon (La Section Anderson),-0.3982952267494975,-0.48629600295167785,841
The Box,-0.3982952267494975,-0.48629600295167785,863
Closely Watched Trains (Ostre sledované vlaky),-0.3982952267494975,-0.48629600295167785,219
The Redwoods,-0.3982952267494975,-0.48629600295167785,1060
Grand Prix,-0.43694753215026033,3.105036741590956,377
Fantastic Voyage,-0.43694753215026033,1.309370369319639,315
A Man and a Woman,-0.43694753215026033,1.309370369319639,28
Born Free,-0.43694753215026033,1.309370369319639,157
The Fortune Cookie,-0.43694753215026033,-0.48629600295167785,928
A Funny Thing Happened on the Way to the Forum,-0.43694753215026033,-0.48629600295167785,20
A Herb Alpert and the Tijuana Brass Double Feature,-0.43694753215026033,-0.48629600295167785,23
The War Game,-0.43694753215026033,-0.48629600295167785,1116
Wild Wings,-0.43694753215026033,-0.48629600295167785,1231
A Year Toward Tomorrow,-0.43694753215026033,-0.48629600295167785,46
Darling,-0.4755998375510108,3.105036741590956,251
Ship of Fools,-0.4755998375510108,1.309370369319639,747
Cat Ballou,-0.4755998375510108,-0.48629600295167785,197
The Great Race,-0.4755998375510108,-0.48629600295167785,950
A Patch of Blue,-0.4755998375510108,-0.48629600295167785,32
A Thousand Clowns,-0.4755998375510108,-0.48629600295167785,41
The Shop on Main Street (Obchod na korze),-0.4755998375510108,-0.48629600295167785,1076
The Sandpiper,-0.4755998375510108,-0.48629600295167785,1068
The Eleanor Roosevelt Story,-0.4755998375510108,-0.48629600295167785,908
To Be Alive!,-0.4755998375510108,-0.48629600295167785,1158
7 Faces of Dr. Lao,-0.5142521429517737,0.5897587519674631,6
7th Heaven,0.011196835387967393,3.105036741590956,7
"20,000 Leagues Under the Sea",-0.9007751969593403,1.309370369319639,4
Adventures of Don Juan,-1.09403672396313,-0.48629600295167785,48
The Adventures of Robin Hood,-1.5192120833714469,3.105036741590956,836
The African Queen,-1.0167321131616165,-0.48629600295167785,837
Air Force,-1.32595055636767,-0.48629600295167785,50
The Alamo,-0.6688613645548003,-0.48629600295167785,839
The Alaskan Eskimo,-0.9394275023601032,-0.48629600295167785,840
Albert Schweitzer,-0.7848182807570765,-0.48629600295167785,53
Alexander's Ragtime Band,-1.5192120833714469,-0.48629600295167785,54
All Quiet on the Western Front,0.011196835387967393,1.309370369319639,60
All That Money Can Buy,-1.403255167169183,-0.48629600295167785,61
All the King's Men,-1.09403672396313,3.105036741590956,62
Ama Girls,-0.7461659753563137,-0.48629600295167785,64
America America,-0.5529044483525242,-0.48629600295167785,66
Amphibious Fighters,-1.32595055636767,-0.48629600295167785,72
Anastasia,-0.823470586157827,-0.48629600295167785,79
Anchors Aweigh,-1.2486459455661565,-0.48629600295167785,81
Anna and the King of Siam,-1.2099936401653937,1.309370369319639,85
Annie Get Your Gun,-1.0553844185623669,-0.48629600295167785,88
Aquatic House Party,-1.09403672396313,-0.48629600295167785,93
"Arise, My Love",-1.4419074725699337,-0.48629600295167785,95
The Awful Truth,-1.55786438877221,-0.48629600295167785,844
The Bachelor and the Bobby-Soxer,-1.171341334764643,-0.48629600295167785,845
Bad Girl,0.011196835387967393,1.309370369319639,109
The Barefoot Contessa,-0.9007751969593403,-0.48629600295167785,847
The Battle of Midway,-1.3646028617684203,-0.48629600295167785,848
Battleground,-1.09403672396313,1.309370369319639,114
Bear Country,-0.9394275023601032,-0.48629600295167785,115
Becket,-0.5142521429517737,-0.48629600295167785,118
The Bells of St. Mary's,-1.2486459455661565,-0.48629600295167785,849
Benjy,-1.0167321131616165,-0.48629600295167785,125
The Bespoke Overcoat,-0.823470586157827,-0.48629600295167785,850
The Best Years of Our Lives,-1.2099936401653937,0.5897587519674631,851
Beyond the Line of Duty,-1.3646028617684203,-0.48629600295167785,127
Bicycle Thieves,-1.09403672396313,0.5897587519674631,128
The Big Broadcast of 1938,-1.5192120833714469,-0.48629600295167785,852
The Big Country,-0.7461659753563137,-0.48629600295167785,853
The Big House,0.011196835387967393,1.309370369319639,854
Bill and Coo,-1.1326890293638803,0.5897587519674631,131
Birds Anonymous,-0.7848182807570765,-0.48629600295167785,133
The Bishop's Wife,-1.171341334764643,-0.48629600295167785,856
Black Fox: The Rise and Fall of Adolf Hitler (The Black Fox),-0.591556753753287,-0.48629600295167785,135
Black Narcissus,-1.171341334764643,1.309370369319639,137
Black Orpheus (Orfeu Negro),-0.7075136699555508,-0.48629600295167785,138
The Black Swan,-1.3646028617684203,-0.48629600295167785,858
Blithe Spirit,-1.2099936401653937,-0.48629600295167785,145
Blood and Sand,-1.403255167169183,-0.48629600295167785,146
Blood on the Sun,-1.2486459455661565,-0.48629600295167785,147
Blossoms in the Dust,-1.403255167169183,-0.48629600295167785,148
Body and Soul,-1.171341334764643,-0.48629600295167785,153
Bored of Education,-1.5965166941729603,-0.48629600295167785,156
Born Yesterday,-1.0553844185623669,-0.48629600295167785,158
A Boy and His Dog,-1.2099936401653937,-0.48629600295167785,9
Boys Town,-1.5192120833714469,1.309370369319639,165
The Brave One,-0.823470586157827,-0.48629600295167785,866
Breakfast at Tiffany's,-0.6302090591540375,1.309370369319639,169
Breaking the Sound Barrier,-0.9780798077608537,-0.48629600295167785,171
The Bridge of San Luis Rey,0.011196835387967393,-0.48629600295167785,867
The Bridges at Toko-Ri,-0.8621228915585898,-0.48629600295167785,868
Broadway Melody of 1936,-1.635168999573723,-0.48629600295167785,174
The Broadway Melody,0.011196835387967393,-0.48629600295167785,869
Broken Lance,-0.9007751969593403,-0.48629600295167785,176
Busy Little Bears,-1.4805597779706965,-0.48629600295167785,183
BUtterfield 8,-0.6688613645548003,-0.48629600295167785,104
Calamity Jane,-0.9394275023601032,-0.48629600295167785,187
Call Me Madam,-0.9394275023601032,-0.48629600295167785,189
"Captain Carey, U.S.A.",-1.0553844185623669,-0.48629600295167785,193
Captains Courageous,-1.55786438877221,-0.48629600295167785,194
Casablanca,-1.32595055636767,3.105036741590956,195
Casals Conducts: 1964,-0.5142521429517737,-0.48629600295167785,196
The Cat Concerto,-1.2099936401653937,-0.48629600295167785,873
Cavalcade,0.011196835387967393,3.105036741590956,198
Chagall,-0.5529044483525242,-0.48629600295167785,199
The Champ,0.011196835387967393,1.309370369319639,874
Champion,-1.09403672396313,-0.48629600295167785,200
A Chance to Live,-1.09403672396313,-0.48629600295167785,10
The Charge of the Light Brigade,-1.5965166941729603,-0.48629600295167785,875
The Chicken (Le Poulet),-0.4755998375510108,-0.48629600295167785,876
Churchill's Island,-1.403255167169183,-0.48629600295167785,207
Cimarron,0.011196835387967393,3.105036741590956,208
The Circus,0.011196835387967393,0.5897587519674631,880
Citizen Kane,-1.403255167169183,-0.48629600295167785,210
City of Wax,-1.6738213049744737,-0.48629600295167785,213
Cleopatra,-1.6738213049744737,-0.48629600295167785,214
Climbing the Matterhorn,-1.171341334764643,-0.48629600295167785,215
Come and Get It,-1.5965166941729603,-0.48629600295167785,226
"Come Back, Little Sheba",-0.9780798077608537,-0.48629600295167785,225
Coquette,0.011196835387967393,-0.48629600295167785,231
The Country Cousin,-1.5965166941729603,-0.48629600295167785,884
The Country Girl,-0.9007751969593403,1.309370369319639,885
Cover Girl,-1.2872982509669069,-0.48629600295167785,232
The Cowboy and the Lady,-1.5192120833714469,-0.48629600295167785,887
Crash Dive,-1.32595055636767,-0.48629600295167785,235
Crashing the Water Barrier,-0.823470586157827,-0.48629600295167785,236
The Critic,-0.5529044483525242,-0.48629600295167785,888
La Cucaracha,-1.6738213049744737,-0.48629600295167785,498
Cyrano de Bergerac,-1.0553844185623669,-0.48629600295167785,244
A Damsel in Distress,-1.55786438877221,-0.48629600295167785,13
Dangerous,-1.635168999573723,-0.48629600295167785,247
The Dark Angel,-1.635168999573723,-0.48629600295167785,894
The Dawn Patrol,0.011196835387967393,-0.48629600295167785,896
Day of the Painter,-0.6688613645548003,-0.48629600295167785,253
Daybreak in Udi,-1.09403672396313,-0.48629600295167785,254
Days of Wine and Roses,-0.591556753753287,-0.48629600295167785,257
December 7th,-1.32595055636767,-0.48629600295167785,265
Declaration of Independence,-1.5192120833714469,-0.48629600295167785,266
The Defiant Ones,-0.7461659753563137,1.309370369319639,897
Der Fuehrer's Face,-1.3646028617684203,-0.48629600295167785,269
Desert Victory,-1.32595055636767,-0.48629600295167785,271
Design for Death,-1.171341334764643,-0.48629600295167785,272
Designing Woman,-0.7848182807570765,-0.48629600295167785,273
Destination Moon,-1.0553844185623669,-0.48629600295167785,274
The Diary of Anne Frank,-0.7075136699555508,3.105036741590956,899
Disraeli,0.011196835387967393,-0.48629600295167785,277
The Divine Lady,0.011196835387967393,-0.48629600295167785,902
Divorce Italian Style,-0.591556753753287,-0.48629600295167785,278
The Divorcee,0.011196835387967393,-0.48629600295167785,903
Dodsworth,-1.5965166941729603,-0.48629600295167785,281
The Dot and the Line (The Dot and the Line: A Romance in Lower Mathematics),-0.4755998375510108,-0.48629600295167785,905
A Double Life,-1.171341334764643,1.309370369319639,14
The Dove,0.011196835387967393,-0.48629600295167785,906
Dr. Jekyll and Mr. Hyde,0.011196835387967393,-0.48629600295167785,285
Dumbo,-1.403255167169183,-0.48629600295167785,288
Dylan Thomas,-0.591556753753287,-0.48629600295167785,291
East of Eden,-0.8621228915585898,-0.48629600295167785,293
Easter Parade,-1.1326890293638803,-0.48629600295167785,294
Elmer Gantry,-0.6688613645548003,3.105036741590956,300
The Enemy Below,-0.7848182807570765,-0.48629600295167785,912
Eskimo,-1.6738213049744737,-0.48629600295167785,305
Exodus,-0.6688613645548003,-0.48629600295167785,310
The Face of Lincoln,-0.8621228915585898,-0.48629600295167785,915
Facing Your Danger,-1.2099936401653937,-0.48629600295167785,311
The Facts of Life,-0.6688613645548003,-0.48629600295167785,916
Fantasia,-1.4419074725699337,0.5897587519674631,313
A Farewell to Arms,0.011196835387967393,1.309370369319639,16
The Farmer's Daughter,-1.171341334764643,-0.48629600295167785,918
Father Goose,-0.5142521429517737,-0.48629600295167785,317
Federico Fellini's 8½,-0.5529044483525242,1.309370369319639,320
Ferdinand the Bull,-1.5192120833714469,-0.48629600295167785,323
The Fighting Lady,-1.2872982509669069,-0.48629600295167785,922
First Steps,-1.171341334764643,-0.48629600295167785,328
Flowers and Trees,0.011196835387967393,-0.48629600295167785,333
Folies Bergere,-1.635168999573723,-0.48629600295167785,334
For Scent-imental Reasons,-1.09403672396313,-0.48629600295167785,335
For Whom the Bell Tolls,-1.32595055636767,-0.48629600295167785,336
Forbidden Games,-0.9780798077608537,0.5897587519674631,338
A Force in Readiness,-0.6302090591540375,0.5897587519674631,18
A Free Soul,0.011196835387967393,-0.48629600295167785,19
Frenchman's Creek,-1.2486459455661565,-0.48629600295167785,344
The Garden of Allah,-1.5965166941729603,0.5897587519674631,931
Gaslight,-1.2872982509669069,1.309370369319639,349
Gate of Hell (Jigokumon),-0.9007751969593403,0.5897587519674631,350
The Gay Divorcee,-1.6738213049744737,-0.48629600295167785,933
Gentleman's Agreement,-1.171341334764643,3.105036741590956,352
Gerald McBoing-Boing,-1.0553844185623669,-0.48629600295167785,353
Giant,-0.823470586157827,-0.48629600295167785,358
Giuseppina,-0.6688613645548003,-0.48629600295167785,360
Give Me Liberty,-1.5965166941729603,-0.48629600295167785,361
Glass (Glas),-0.7075136699555508,-0.48629600295167785,362
The Glenn Miller Story,-0.9007751969593403,-0.48629600295167785,936
Gold Diggers of 1935,-1.635168999573723,-0.48629600295167785,367
The Golden Fish (Histoire d'un poisson rouge),-0.7075136699555508,-0.48629600295167785,939
Goldfinger,-0.5142521429517737,-0.48629600295167785,368
Gone with the Wind,-1.4805597779706965,0.5897587519674631,369
The Good Earth,-1.55786438877221,1.309370369319639,940
"Goodbye, Miss Turlock",-1.171341334764643,-0.48629600295167785,371
"Goodbye, Mr. Chips",-1.4805597779706965,-0.48629600295167785,372
Grand Canyon,-0.7461659753563137,-0.48629600295167785,375
Grand Hotel,0.011196835387967393,-0.48629600295167785,376
Grandad of Races,-1.0553844185623669,-0.48629600295167785,378
The Grapes of Wrath,-1.4419074725699337,1.309370369319639,943
The Great Caruso,-1.0167321131616165,-0.48629600295167785,946
Great Expectations,-1.171341334764643,1.309370369319639,381
The Great Lie,-1.403255167169183,-0.48629600295167785,948
The Great McGinty,-1.4419074725699337,-0.48629600295167785,949
The Great Waltz,-1.5192120833714469,-0.48629600295167785,951
The Great Ziegfeld,-1.5965166941729603,3.105036741590956,952
The Greatest Show on Earth,-0.9780798077608537,1.309370369319639,953
Green Dolphin Street,-1.171341334764643,-0.48629600295167785,383
The Guns of Navarone,-0.6302090591540375,-0.48629600295167785,954
Happy Anniversary (Heureux Anniversaire),-0.591556753753287,-0.48629600295167785,389
Harvey,-1.0553844185623669,-0.48629600295167785,394
The Harvey Girls,-1.2099936401653937,-0.48629600295167785,955
Heavenly Music,-1.32595055636767,-0.48629600295167785,400
Helen Keller in Her Story (The Unconquered),-0.8621228915585898,-0.48629600295167785,401
"Hello, Frisco, Hello",-1.32595055636767,-0.48629600295167785,404
Henry V,-1.2099936401653937,0.5897587519674631,405
Here Comes Mr. Jordan,-1.403255167169183,1.309370369319639,407
Here Comes the Groom,-1.0167321131616165,-0.48629600295167785,408
The High and the Mighty,-0.9007751969593403,-0.48629600295167785,959
Hitler Lives,-1.2486459455661565,-0.48629600295167785,409
A Hole in the Head,-0.7075136699555508,-0.48629600295167785,24
The Hole,-0.591556753753287,-0.48629600295167785,962
Holiday Inn,-1.3646028617684203,-0.48629600295167785,410
The Horse with the Flying Tail,-0.6688613645548003,-0.48629600295167785,963
The House I Live In,-1.2486459455661565,0.5897587519674631,966
The House on 92nd Street,-1.2486459455661565,-0.48629600295167785,967
How the West Was Won,-0.5529044483525242,3.105036741590956,412
How to Sleep,-1.635168999573723,-0.48629600295167785,413
Hud,-0.5529044483525242,3.105036741590956,415
The Human Comedy,-1.32595055636767,-0.48629600295167785,968
The Hurricane,-1.55786438877221,-0.48629600295167785,970
The Hustler,-0.6302090591540375,1.309370369319639,971
I Want to Live!,-0.7461659753563137,-0.48629600295167785,419
I Wanted Wings,-1.403255167169183,-0.48629600295167785,420
I Won't Play,-1.2872982509669069,-0.48629600295167785,421
I'll Cry Tomorrow,-0.8621228915585898,-0.48629600295167785,422
In Beaver Valley,-1.0553844185623669,-0.48629600295167785,433
In Old Arizona,0.011196835387967393,-0.48629600295167785,434
In Old Chicago,-1.55786438877221,1.309370369319639,435
In Which We Serve,-1.3646028617684203,0.5897587519674631,436
Interrupted Melody,-0.8621228915585898,-0.48629600295167785,450
The Invaders,-1.3646028617684203,-0.48629600295167785,974
Irma la Douce,-0.5529044483525242,-0.48629600295167785,456
"It's a Mad, Mad, Mad, Mad World",-0.5529044483525242,-0.48629600295167785,459
The Jazz Singer,0.011196835387967393,0.5897587519674631,976
Jezebel,-1.5192120833714469,1.309370369319639,463
Joan of Arc,-1.1326890293638803,0.5897587519674631,464
Johann Mouse,-0.9780798077608537,-0.48629600295167785,465
Johnny Belinda,-1.1326890293638803,-0.48629600295167785,466
Johnny Eager,-1.3646028617684203,-0.48629600295167785,467
The Joker Is Wild,-0.7848182807570765,-0.48629600295167785,978
The Jolson Story,-1.2099936401653937,1.309370369319639,979
Judgment at Nuremberg,-0.6302090591540375,1.309370369319639,473
Julius Caesar,-0.9394275023601032,-0.48629600295167785,476
Kentucky,-1.5192120833714469,-0.48629600295167785,481
Key Largo,-1.1326890293638803,-0.48629600295167785,482
King of Jazz,0.011196835387967393,-0.48629600295167785,487
King Solomon's Mines,-1.0553844185623669,1.309370369319639,486
Kitty Foyle (Kitty Foyle: The Natural History of a Woman),-1.4419074725699337,-0.48629600295167785,489
Knighty Knight Bugs,-0.7461659753563137,-0.48629600295167785,491
Kokoda Front Line!,-1.3646028617684203,-0.48629600295167785,492
Kon-Tiki,-1.0553844185623669,-0.48629600295167785,494
Krakatoa,0.011196835387967393,-0.48629600295167785,495
Kukan,-1.403255167169183,0.5897587519674631,496
La Strada (The Road),-0.823470586157827,-0.48629600295167785,501
La Dolce Vita,-0.6302090591540375,-0.48629600295167785,499
Lady Be Good,-1.403255167169183,-0.48629600295167785,503
The Last Command,0.011196835387967393,-0.48629600295167785,983
Laura,-1.2872982509669069,-0.48629600295167785,504
The Lavender Hill Mob,-0.9780798077608537,-0.48629600295167785,989
Leave Her to Heaven,-1.2486459455661565,-0.48629600295167785,507
Lend a Paw,-1.403255167169183,-0.48629600295167785,512
Les Girls,-0.7848182807570765,-0.48629600295167785,513
A Letter to Three Wives,-1.09403672396313,1.309370369319639,25
The Life of Emile Zola,-1.55786438877221,3.105036741590956,990
Light in the Window,-0.9780798077608537,-0.48629600295167785,519
Lili,-0.9394275023601032,-0.48629600295167785,520
Lilies of the Field,-0.5529044483525242,-0.48629600295167785,521
The Little Kidnappers (The Kidnappers),-0.9007751969593403,0.5897587519674631,993
The Little Orphan,-1.1326890293638803,-0.48629600295167785,995
Little Women,0.011196835387967393,-0.48629600295167785,525
Little Women,-1.09403672396313,-0.48629600295167785,525
The Lives of a Bengal Lancer,-1.635168999573723,-0.48629600295167785,997
The Living Desert,-0.9394275023601032,-0.48629600295167785,998
The Longest Day,-0.591556753753287,1.309370369319639,1001
Lost Horizon,-1.55786438877221,1.309370369319639,528
Love Is a Many-Splendored Thing,-0.8621228915585898,3.105036741590956,530
Love Me or Leave Me,-0.8621228915585898,-0.48629600295167785,531
Lust for Life,-0.823470586157827,-0.48629600295167785,534
Magoo's Puddle Jumper,-0.823470586157827,-0.48629600295167785,538
Main Street on the March!,-1.403255167169183,-0.48629600295167785,539
The Man Who Knew Too Much,-0.823470586157827,-0.48629600295167785,1007
Manhattan Melodrama,-1.6738213049744737,-0.48629600295167785,542
Marie-Louise,-1.2486459455661565,-0.48629600295167785,547
Men Against the Arctic,-0.8621228915585898,-0.48629600295167785,557
The Merry Widow,-1.6738213049744737,-0.48629600295167785,1010
A Midsummer Night's Dream,-1.635168999573723,1.309370369319639,29
Mighty Joe Young,-1.09403672396313,-0.48629600295167785,565
Mildred Pierce,-1.2486459455661565,-0.48629600295167785,567
The Milky Way,-1.4419074725699337,-0.48629600295167785,1012
Min and Bill,0.011196835387967393,-0.48629600295167785,569
Miracle on 34th Street,-1.171341334764643,3.105036741590956,571
The Miracle Worker,-0.591556753753287,1.309370369319639,1013
Mister Roberts,-0.8621228915585898,-0.48629600295167785,575
Monsieur Vincent,-1.1326890293638803,0.5897587519674631,578
Moonbird,-0.7075136699555508,-0.48629600295167785,582
The More the Merrier,-1.32595055636767,-0.48629600295167785,1016
Morning Glory,0.011196835387967393,-0.48629600295167785,585
Moscow Strikes Back,-1.3646028617684203,-0.48629600295167785,587
Mother Wore Tights,-1.171341334764643,-0.48629600295167785,588
Moulin Rouge,-0.9780798077608537,1.309370369319639,589
Mouse Trouble,-1.2872982509669069,-0.48629600295167785,591
Mr. Deeds Goes to Town,-1.5965166941729603,-0.48629600295167785,593
Mr. Smith Goes to Washington,-1.4805597779706965,-0.48629600295167785,594
Munro,-0.6688613645548003,-0.48629600295167785,596
The Music Box,0.011196835387967393,-0.48629600295167785,1019
The Music Man,-0.591556753753287,-0.48629600295167785,1020
Mutiny on the Bounty,-1.635168999573723,-0.48629600295167785,600
My Uncle (Mon oncle),-0.7461659753563137,-0.48629600295167785,606
My Gal Sal,-1.3646028617684203,-0.48629600295167785,602
The Naked City,-1.1326890293638803,1.309370369319639,1021
National Velvet,-1.2486459455661565,1.309370369319639,609
Nature's Half Acre,-1.0167321131616165,-0.48629600295167785,610
Naughty Marietta,-1.635168999573723,-0.48629600295167785,611
Neighbours,-0.9780798077608537,-0.48629600295167785,613
Neptune's Daughter,-1.09403672396313,-0.48629600295167785,614
Never on Sunday (Pote tin Kyriaki),-0.6688613645548003,-0.48629600295167785,615
The Night of the Iguana,-0.5142521429517737,-0.48629600295167785,1024
Nights of Cabiria (Le Notti di Cabiria),-0.7848182807570765,-0.48629600295167785,617
Nine from Little Rock,-0.5142521429517737,-0.48629600295167785,618
None But the Lonely Heart,-1.2872982509669069,-0.48629600295167785,623
North West Mounted Police,-1.4419074725699337,-0.48629600295167785,626
"Now, Voyager",-1.3646028617684203,-0.48629600295167785,627
An Occurrence at Owl Creek Bridge,-0.5529044483525242,-0.48629600295167785,77
Of Pups and Puzzles,-1.403255167169183,-0.48629600295167785,631
Oklahoma!,-0.8621228915585898,1.309370369319639,632
The Old Man and the Sea,-0.7461659753563137,-0.48629600295167785,1027
The Old Mill,-1.55786438877221,-0.48629600295167785,1028
On the Town,-1.09403672396313,-0.48629600295167785,636
One Hundred Men and a Girl,-1.55786438877221,-0.48629600295167785,640
One Night of Love,-1.6738213049744737,1.309370369319639,641
One Way Passage,0.011196835387967393,-0.48629600295167785,643
Overture to The Merry Wives of Windsor,-0.9394275023601032,-0.48629600295167785,645
The Paleface,-1.1326890293638803,-0.48629600295167785,1031
Panic in the Streets,-1.0553844185623669,-0.48629600295167785,647
Papa's Delicate Condition,-0.5529044483525242,-0.48629600295167785,648
The Patriot,0.011196835387967393,-0.48629600295167785,1034
Penny Wisdom,-1.55786438877221,-0.48629600295167785,654
Phantom of the Opera,-1.32595055636767,1.309370369319639,658
The Philadelphia Story,-1.4419074725699337,1.309370369319639,1036
Picnic,-0.8621228915585898,1.309370369319639,660
The Picture of Dorian Gray,-1.2486459455661565,-0.48629600295167785,1040
Pillow Talk,-0.7075136699555508,-0.48629600295167785,661
The Pink Phink,-0.5142521429517737,-0.48629600295167785,1041
Pinocchio,-1.4419074725699337,1.309370369319639,662
Plymouth Adventure,-0.9780798077608537,-0.48629600295167785,667
Pollyanna,-0.6688613645548003,0.5897587519674631,670
Porgy and Bess,-0.7075136699555508,-0.48629600295167785,671
Portrait of Jennie,-1.1326890293638803,-0.48629600295167785,672
Prelude to War,-1.3646028617684203,-0.48629600295167785,675
Pride and Prejudice,-1.4419074725699337,-0.48629600295167785,676
The Pride of the Yankees,-1.3646028617684203,-0.48629600295167785,1044
Princess O'Rourke,-1.32595055636767,-0.48629600295167785,677
The Private Life of Henry VIII,0.011196835387967393,-0.48629600295167785,1047
The Private Life of the Gannets,-1.55786438877221,-0.48629600295167785,1048
Project Hope,-0.6302090591540375,-0.48629600295167785,680
The Public Pays,-1.5965166941729603,-0.48629600295167785,1050
Pygmalion,-1.5192120833714469,-0.48629600295167785,684
Quicker'n a Wink,-1.4419074725699337,-0.48629600295167785,687
The Quiet Man,-0.9780798077608537,1.309370369319639,1053
Quiet Please!,-1.2486459455661565,-0.48629600295167785,689
The Rains Came,-1.4805597779706965,-0.48629600295167785,1054
Rashomon,-1.0167321131616165,0.5897587519674631,695
The Razor's Edge,-1.2099936401653937,-0.48629600295167785,1055
Reap the Wild Wind,-1.3646028617684203,-0.48629600295167785,699
Rebecca,-1.4419074725699337,1.309370369319639,700
The Red Balloon (Le ballon rouge),-0.823470586157827,-0.48629600295167785,1057
The Red Shoes,-1.1326890293638803,1.309370369319639,1058
The Robe,-0.9394275023601032,1.309370369319639,1064
Robert Frost: A Lover's Quarrel with the World,-0.5529044483525242,-0.48629600295167785,706
Roman Holiday,-0.9394275023601032,3.105036741590956,712
Room at the Top,-0.7075136699555508,1.309370369319639,715
The Rose Tattoo,-0.8621228915585898,3.105036741590956,1065
Sabrina,-0.9007751969593403,-0.48629600295167785,720
Samson and Delilah,-1.0553844185623669,1.309370369319639,721
Samurai I: Musashi Miyamoto (Miyamoto Musashi),-0.8621228915585898,0.5897587519674631,722
San Francisco,-1.5965166941729603,-0.48629600295167785,723
The Scoundrel,-1.635168999573723,-0.48629600295167785,1069
The Sea Around Us,-0.9780798077608537,-0.48629600295167785,1070
Seal Island,-1.1326890293638803,-0.48629600295167785,728
The Search,-1.1326890293638803,0.5897587519674631,1072
Seawards the Great Ships,-0.6302090591540375,-0.48629600295167785,730
The Secret Land,-1.1326890293638803,-0.48629600295167785,1073
Seeds of Destiny,-1.2099936401653937,-0.48629600295167785,731
Separate Tables,-0.7461659753563137,1.309370369319639,735
Serengeti Shall Not Die (Serengeti darf nicht sterben),-0.7075136699555508,-0.48629600295167785,736
Sergeant York,-1.403255167169183,1.309370369319639,737
Seven Brides for Seven Brothers,-0.9007751969593403,-0.48629600295167785,739
Seven Days to Noon,-1.0167321131616165,-0.48629600295167785,740
The Seventh Veil,-1.2099936401653937,-0.48629600295167785,1075
Shane,-0.9394275023601032,-0.48629600295167785,743
Shanghai Express,0.011196835387967393,-0.48629600295167785,744
She Wore a Yellow Ribbon,-1.09403672396313,-0.48629600295167785,745
Shoeshine (Sciuscià),-1.171341334764643,0.5897587519674631,748
The Silent World (Le Monde du silence),-0.823470586157827,-0.48629600295167785,1079
The Sin of Madelon Claudet,0.011196835387967393,-0.48629600295167785,1080
Since You Went Away,-1.2872982509669069,-0.48629600295167785,752
Skippy,0.011196835387967393,-0.48629600295167785,756
Sky Above and Mud Beneath (Le Ciel et la boue),-0.6302090591540375,-0.48629600295167785,757
The Snake Pit,-1.1326890293638803,-0.48629600295167785,1081
Snow White and the Seven Dwarfs,-1.55786438877221,0.5897587519674631,762
So Much for So Little,-1.09403672396313,-0.48629600295167785,763
So This Is Harris!,0.011196835387967393,-0.48629600295167785,764
The Solid Gold Cadillac,-0.823470586157827,-0.48629600295167785,1083
Some Like It Hot,-0.7075136699555508,-0.48629600295167785,765
Somebody Up There Likes Me,-0.823470586157827,1.309370369319639,766
Song of the South,-1.171341334764643,0.5897587519674631,769
Song Without End,-0.6688613645548003,-0.48629600295167785,768
Sons and Lovers,-0.6688613645548003,-0.48629600295167785,770
Sons of Liberty,-1.4805597779706965,-0.48629600295167785,771
South Pacific,-0.7461659753563137,-0.48629600295167785,775
Spawn of the North,-1.5192120833714469,0.5897587519674631,776
Speaking of Animals and Their Families,-1.3646028617684203,-0.48629600295167785,777
Speedy Gonzales,-0.8621228915585898,-0.48629600295167785,781
Spellbound,-1.2486459455661565,-0.48629600295167785,782
Splendor in the Grass,-0.6302090591540375,-0.48629600295167785,786
Stagecoach,-1.4805597779706965,1.309370369319639,788
Stairway to Light,-1.2486459455661565,-0.48629600295167785,789
Stalag 17,-0.9394275023601032,-0.48629600295167785,790
Star in the Night,-1.2486459455661565,-0.48629600295167785,793
A Star Is Born,-1.55786438877221,0.5897587519674631,39
State Fair,-1.2486459455661565,-0.48629600295167785,794
The Story of Louis Pasteur,-1.5965166941729603,3.105036741590956,1085
The Stratton Story,-1.09403672396313,-0.48629600295167785,1086
Street Angel,0.011196835387967393,-0.48629600295167785,797
Strike Up the Band,-1.4419074725699337,-0.48629600295167785,798
The Substitute,-0.6302090591540375,-0.48629600295167785,1089
Sundays and Cybele (Le Dimanches de Ville d'Avray),-0.591556753753287,-0.48629600295167785,804
Sunrise,0.011196835387967393,3.105036741590956,805
Sunset Boulevard,-1.0553844185623669,3.105036741590956,806
Survival City,-0.8621228915585898,-0.48629600295167785,808
Suspicion,-1.403255167169183,-0.48629600295167785,809
Sweet Bird of Youth,-0.591556753753287,-0.48629600295167785,811
Sweethearts,-1.5192120833714469,0.5897587519674631,812
Swing Time,-1.5965166941729603,-0.48629600295167785,813
Symphony of a City,-1.1326890293638803,-0.48629600295167785,814
Tabu,0.011196835387967393,-0.48629600295167785,816
Target for Tonight,-1.403255167169183,0.5897587519674631,819
"Teddy, the Rough Rider",-1.4419074725699337,-0.48629600295167785,822
Tempest,0.011196835387967393,-0.48629600295167785,824
The Ten Commandments,-0.823470586157827,-0.48629600295167785,1091
That Hamilton Woman,-1.403255167169183,-0.48629600295167785,829
That Mothers Might Live,-1.5192120833714469,-0.48629600295167785,830
The Thief of Bagdad,-1.4419074725699337,3.105036741590956,1094
The Third Man,-1.0553844185623669,-0.48629600295167785,1095
Thirty Seconds Over Tokyo,-1.2872982509669069,-0.48629600295167785,1139
This Above All,-1.3646028617684203,-0.48629600295167785,1140
This Is the Army,-1.32595055636767,-0.48629600295167785,1142
This Land Is Mine,-1.32595055636767,-0.48629600295167785,1143
This Mechanical Age,-0.9007751969593403,-0.48629600295167785,1144
Three Coins in the Fountain,-0.9007751969593403,1.309370369319639,1149
The Three Faces of Eve,-0.7848182807570765,-0.48629600295167785,1097
Three Little Pigs,0.011196835387967393,-0.48629600295167785,1150
Three Orphan Kittens,-1.635168999573723,-0.48629600295167785,1151
Through a Glass Darkly (Såsom i en spegel),-0.6302090591540375,-0.48629600295167785,1152
Thunderball,-0.4755998375510108,-0.48629600295167785,1153
Thursday's Children,-0.9007751969593403,-0.48629600295167785,1154
The Time Machine,-0.6688613645548003,-0.48629600295167785,1098
A Time Out of War,-0.9007751969593403,-0.48629600295167785,42
Tin Pan Alley,-1.4419074725699337,-0.48629600295167785,1155
The Titan: Story of Michelangelo,-1.0553844185623669,-0.48629600295167785,1101
Titanic,-0.9394275023601032,-0.48629600295167785,1157
To Catch a Thief,-0.8621228915585898,-0.48629600295167785,1160
To Each His Own,-1.2099936401653937,-0.48629600295167785,1161
To Kill a Mockingbird,-0.591556753753287,3.105036741590956,1162
tom thumb,-0.7461659753563137,-0.48629600295167785,1265
"Toot, Whistle, Plunk and Boom",-0.9394275023601032,-0.48629600295167785,1163
Topkapi,-0.5142521429517737,-0.48629600295167785,1167
The Tortoise and the Hare,-1.6738213049744737,-0.48629600295167785,1102
Torture Money,-1.55786438877221,-0.48629600295167785,1170
Toward Independence,-1.1326890293638803,-0.48629600295167785,1172
Transatlantic,0.011196835387967393,-0.48629600295167785,1178
The Treasure of the Sierra Madre,-1.1326890293638803,3.105036741590956,1104
A Tree Grows in Brooklyn,-1.2486459455661565,-0.48629600295167785,45
The True Glory,-1.2486459455661565,-0.48629600295167785,1106
The True Story of the Civil War,-0.823470586157827,-0.48629600295167785,1107
Tweetie Pie,-1.171341334764643,-0.48629600295167785,1183
Twelve O'Clock High,-1.09403672396313,1.309370369319639,1184
Two Arabian Knights,0.011196835387967393,-0.48629600295167785,1186
The Two Mouseketeers,-1.0167321131616165,-0.48629600295167785,1108
Two Women (La Ciociara),-0.6302090591540375,-0.48629600295167785,1189
The Ugly Duckling,-1.4805597779706965,-0.48629600295167785,1109
Underworld,0.011196835387967393,-0.48629600295167785,1192
The V.I.P.s,-0.5529044483525242,-0.48629600295167785,1112
Vacation from Marriage (UK title Perfect Strangers),-1.2099936401653937,-0.48629600295167785,1194
Van Gogh,-1.09403672396313,-0.48629600295167785,1195
The Vanishing Prairie,-0.9007751969593403,-0.48629600295167785,1113
The Virgin Spring (Jungfrukällan),-0.6688613645548003,-0.48629600295167785,1114
Viva Villa!,-1.6738213049744737,-0.48629600295167785,1201
Viva Zapata!,-0.9780798077608537,-0.48629600295167785,1202
Waikiki Wedding,-1.55786438877221,-0.48629600295167785,1204
The Walls of Malapaga,-1.0553844185623669,0.5897587519674631,1115
The War of the Worlds,-0.9394275023601032,-0.48629600295167785,1117
Watch on the Rhine,-1.32595055636767,-0.48629600295167785,1211
Water Birds,-0.9780798077608537,-0.48629600295167785,1212
The Way of All Flesh,0.011196835387967393,-0.48629600295167785,1119
The Westerner,-1.4419074725699337,-0.48629600295167785,1120
The Wetback Hound,-0.7848182807570765,-0.48629600295167785,1121
What Ever Happened to Baby Jane?,-0.591556753753287,-0.48629600295167785,1216
When Tomorrow Comes,-1.4805597779706965,-0.48629600295167785,1218
When Magoo Flew,-0.9007751969593403,-0.48629600295167785,1217
When Worlds Collide,-1.0167321131616165,-0.48629600295167785,1220
White Shadows in the South Seas,0.011196835387967393,-0.48629600295167785,1223
White Wilderness,-0.7461659753563137,-0.48629600295167785,1224
Who's Who in Animal Land,-1.2872982509669069,-0.48629600295167785,1227
Why Korea?,-1.0553844185623669,-0.48629600295167785,1228
Wings,0.011196835387967393,1.309370369319639,1232
Wings Over Everest,-1.635168999573723,-0.48629600295167785,1233
With a Song in My Heart,-0.9780798077608537,-0.48629600295167785,1236
With Byrd at the South Pole,0.011196835387967393,-0.48629600295167785,1235
With the Marines at Tarawa,-1.2872982509669069,-0.48629600295167785,1237
The Wizard of Oz,-1.4805597779706965,1.309370369319639,1125
Woman of the Year,-1.3646028617684203,-0.48629600295167785,1240
Wonder Man,-1.2486459455661565,-0.48629600295167785,1245
The Wonderful World of the Brothers Grimm,-0.591556753753287,-0.48629600295167785,1129
World of Kids,-1.0167321131616165,-0.48629600295167785,1250
World Without Sun (Le Monde sans soleil),-0.5142521429517737,-0.48629600295167785,1249
Wrestling Swordfish,0.011196835387967393,-0.48629600295167785,1251
Written on the Wind,-0.823470586157827,-0.48629600295167785,1252
Wuthering Heights,-1.4805597779706965,-0.48629600295167785,1253
Yankee Doodle Dandy,-1.3646028617684203,3.105036741590956,1254
The Yankee Doodle Mouse,-1.32595055636767,-0.48629600295167785,1131
The Yearling,-1.2099936401653937,1.309370369319639,1133
"Yesterday, Today and Tomorrow (Ieri, oggi, domani)",-0.5142521429517737,-0.48629600295167785,1256
You Can't Take It with You,-1.5192120833714469,1.309370369319639,1257
Zorba the Greek (Alexis Zorbas),-0.5142521429517737,3.105036741590956,1264
